,from,to,store,digital,preorder,Start Date,End Date,Task ID,Task Name,Resource
0,2021-03-17 16:13:00,2021-03-17 16:45:00,Playstation Direct ,False,False,1615997580000,1615999500000,0,Playstation Direct 2021-03-17T16:13:00 to 2021-03-17T16:45:00,Playstation Direct 
1,2021-03-17 16:13:00,2021-03-17 16:37:00,Playstation Direct ,True,False,1615997580000,1615999020000,1,Playstation Direct Digital Edition 2021-03-17T16:13:00 to 2021-03-17T16:37:00,Playstation Direct 
2,2021-03-16 17:41:00,2021-03-16 18:15:00,Playstation Direct ,True,False,1615916460000,1615918500000,2,Playstation Direct Digital Edition 2021-03-16T17:41:00 to 2021-03-16T18:15:00,Playstation Direct 
3,2021-03-16 17:41:00,2021-03-16 18:05:00,Playstation Direct ,False,False,1615916460000,1615917900000,3,Playstation Direct 2021-03-16T17:41:00 to 2021-03-16T18:05:00,Playstation Direct 
4,2021-03-12 16:19:00,2021-03-12 16:31:00,Best Buy ,True,False,1615565940000,1615566660000,4,Best Buy Digital Edition 2021-03-12T16:19:00 to 2021-03-12T16:31:00,Best Buy 
5,2021-03-12 15:34:00,2021-03-12 16:31:00,Best Buy ,False,False,1615563240000,1615566660000,5,Best Buy 2021-03-12T15:34:00 to 2021-03-12T16:31:00,Best Buy 
6,2021-03-12 15:51:00,2021-03-12 16:12:00,Best Buy ,True,False,1615564260000,1615565520000,6,Best Buy Digital Edition 2021-03-12T15:51:00 to 2021-03-12T16:12:00,Best Buy 
7,2021-03-12 15:40:00,2021-03-12 15:49:00,Best Buy ,True,False,1615563600000,1615564140000,7,Best Buy Digital Edition 2021-03-12T15:40:00 to 2021-03-12T15:49:00,Best Buy 
8,2021-03-11 15:41:00,2021-03-11 16:15:00,Playstation Direct ,False,False,1615477260000,1615479300000,8,Playstation Direct 2021-03-11T15:41:00 to 2021-03-11T16:15:00,Playstation Direct 
9,2021-03-11 14:25:00,2021-03-11 14:55:00,Target ,True,False,1615472700000,1615474500000,9,Target Digital Edition 2021-03-11T14:25:00 to 2021-03-11T14:55:00,Target 
10,2021-03-11 08:35:00,2021-03-11 08:49:00,Target ,True,False,1615451700000,1615452540000,10,Target Digital Edition 2021-03-11T08:35:00 to 2021-03-11T08:49:00,Target 
11,2021-03-11 08:32:00,2021-03-11 08:34:00,Target ,True,False,1615451520000,1615451640000,11,Target Digital Edition 2021-03-11T08:32:00 to 2021-03-11T08:34:00,Target 
12,2021-03-11 08:26:00,2021-03-11 08:33:00,Target ,False,False,1615451160000,1615451580000,12,Target 2021-03-11T08:26:00 to 2021-03-11T08:33:00,Target 
13,2021-03-11 07:45:00,2021-03-11 08:17:00,Target ,False,False,1615448700000,1615450620000,13,Target 2021-03-11T07:45:00 to 2021-03-11T08:17:00,Target 
14,2021-03-10 16:47:00,2021-03-10 16:59:00,Playstation Direct ,False,False,1615394820000,1615395540000,14,Playstation Direct 2021-03-10T16:47:00 to 2021-03-10T16:59:00,Playstation Direct 
15,2021-03-10 16:27:00,2021-03-10 16:45:00,Playstation Direct ,False,False,1615393620000,1615394700000,15,Playstation Direct 2021-03-10T16:27:00 to 2021-03-10T16:45:00,Playstation Direct 
16,2021-03-09 14:13:00,2021-03-09 14:26:00,GameStop ,False,True,1615299180000,1615299960000,16,GameStop Preorder 2021-03-09T14:13:00 to 2021-03-09T14:26:00,GameStop 
17,2021-03-09 08:49:00,2021-03-09 09:03:00,Target ,False,False,1615279740000,1615280580000,17,Target 2021-03-09T08:49:00 to 2021-03-09T09:03:00,Target 
18,2021-03-09 08:50:00,2021-03-09 09:01:00,Target ,True,False,1615279800000,1615280460000,18,Target Digital Edition 2021-03-09T08:50:00 to 2021-03-09T09:01:00,Target 
19,2021-03-05 14:23:00,2021-03-05 14:46:00,Best Buy ,False,False,1614954180000,1614955560000,19,Best Buy 2021-03-05T14:23:00 to 2021-03-05T14:46:00,Best Buy 
20,2021-03-05 13:57:00,2021-03-05 14:00:00,Best Buy ,False,False,1614952620000,1614952800000,20,Best Buy 2021-03-05T13:57:00 to 2021-03-05T14:00:00,Best Buy 
21,2021-03-05 11:51:00,2021-03-05 12:19:00,Best Buy ,True,False,1614945060000,1614946740000,21,Best Buy Digital Edition 2021-03-05T11:51:00 to 2021-03-05T12:19:00,Best Buy 
22,2021-03-05 11:50:00,2021-03-05 11:56:00,Best Buy ,False,False,1614945000000,1614945360000,22,Best Buy 2021-03-05T11:50:00 to 2021-03-05T11:56:00,Best Buy 
23,2021-03-04 16:22:00,2021-03-04 16:38:00,Walmart ,False,True,1614874920000,1614875880000,23,Walmart Preorder 2021-03-04T16:22:00 to 2021-03-04T16:38:00,Walmart 
24,2021-03-04 15:11:00,2021-03-04 15:18:00,Walmart ,False,True,1614870660000,1614871080000,24,Walmart Preorder 2021-03-04T15:11:00 to 2021-03-04T15:18:00,Walmart 
25,2021-03-03 10:24:00,2021-03-03 10:36:00,Amazon ,False,False,1614767040000,1614767760000,25,Amazon 2021-03-03T10:24:00 to 2021-03-03T10:36:00,Amazon 
26,2021-03-03 10:05:00,2021-03-03 10:16:00,Amazon ,True,False,1614765900000,1614766560000,26,Amazon Digital Edition 2021-03-03T10:05:00 to 2021-03-03T10:16:00,Amazon 
27,2021-02-26 12:15:00,2021-02-26 12:51:00,Best Buy ,False,False,1614341700000,1614343860000,27,Best Buy 2021-02-26T12:15:00 to 2021-02-26T12:51:00,Best Buy 
28,2021-02-26 12:32:00,2021-02-26 12:45:00,Best Buy ,True,False,1614342720000,1614343500000,28,Best Buy Digital Edition 2021-02-26T12:32:00 to 2021-02-26T12:45:00,Best Buy 
29,2021-02-26 12:14:00,2021-02-26 12:27:00,Best Buy ,True,False,1614341640000,1614342420000,29,Best Buy Digital Edition 2021-02-26T12:14:00 to 2021-02-26T12:27:00,Best Buy 
30,2021-02-25 08:41:00,2021-02-25 08:42:00,Target ,True,False,1614242460000,1614242520000,30,Target Digital Edition 2021-02-25T08:41:00 to 2021-02-25T08:42:00,Target 
31,2021-02-25 07:50:00,2021-02-25 08:14:00,Target ,False,False,1614239400000,1614240840000,31,Target 2021-02-25T07:50:00 to 2021-02-25T08:14:00,Target 
32,2021-02-24 16:01:00,2021-02-24 16:32:00,Playstation Direct ,False,False,1614182460000,1614184320000,32,Playstation Direct 2021-02-24T16:01:00 to 2021-02-24T16:32:00,Playstation Direct 
33,2021-02-24 16:01:00,2021-02-24 16:22:00,Playstation Direct ,True,False,1614182460000,1614183720000,33,Playstation Direct Digital Edition 2021-02-24T16:01:00 to 2021-02-24T16:22:00,Playstation Direct 
34,2021-02-22 17:31:00,2021-02-22 18:02:00,Playstation Direct ,False,False,1614015060000,1614016920000,34,Playstation Direct 2021-02-22T17:31:00 to 2021-02-22T18:02:00,Playstation Direct 
35,2021-02-22 17:32:00,2021-02-22 17:50:00,Playstation Direct ,True,False,1614015120000,1614016200000,35,Playstation Direct Digital Edition 2021-02-22T17:32:00 to 2021-02-22T17:50:00,Playstation Direct 
36,2021-02-19 11:29:00,2021-02-19 12:23:00,Best Buy ,False,False,1613734140000,1613737380000,36,Best Buy 2021-02-19T11:29:00 to 2021-02-19T12:23:00,Best Buy 
37,2021-02-19 11:35:00,2021-02-19 11:37:00,Best Buy ,True,False,1613734500000,1613734620000,37,Best Buy Digital Edition 2021-02-19T11:35:00 to 2021-02-19T11:37:00,Best Buy 
38,2021-02-17 18:32:00,2021-02-17 18:58:00,Playstation Direct ,True,False,1613586720000,1613588280000,38,Playstation Direct Digital Edition 2021-02-17T18:32:00 to 2021-02-17T18:58:00,Playstation Direct 
39,2021-02-17 18:32:00,2021-02-17 18:52:00,Playstation Direct ,False,False,1613586720000,1613587920000,39,Playstation Direct 2021-02-17T18:32:00 to 2021-02-17T18:52:00,Playstation Direct 
40,2021-02-17 18:18:00,2021-02-17 18:20:00,Playstation Direct ,False,False,1613585880000,1613586000000,40,Playstation Direct 2021-02-17T18:18:00 to 2021-02-17T18:20:00,Playstation Direct 
41,2021-02-17 07:47:00,2021-02-17 07:50:00,Target ,False,False,1613548020000,1613548200000,41,Target 2021-02-17T07:47:00 to 2021-02-17T07:50:00,Target 
42,2021-02-16 08:07:00,2021-02-16 08:10:00,Target ,True,False,1613462820000,1613463000000,42,Target Digital Edition 2021-02-16T08:07:00 to 2021-02-16T08:10:00,Target 
43,2021-02-16 03:15:00,2021-02-16 03:36:00,Amazon ,False,False,1613445300000,1613446560000,43,Amazon 2021-02-16T03:15:00 to 2021-02-16T03:36:00,Amazon 
44,2021-02-12 17:04:00,2021-02-12 17:22:00,Playstation Direct ,False,False,1613149440000,1613150520000,44,Playstation Direct 2021-02-12T17:04:00 to 2021-02-12T17:22:00,Playstation Direct 
45,2021-02-12 16:59:00,2021-02-12 17:02:00,Playstation Direct ,False,False,1613149140000,1613149320000,45,Playstation Direct 2021-02-12T16:59:00 to 2021-02-12T17:02:00,Playstation Direct 
46,2021-02-11 16:32:00,2021-02-11 16:53:00,Playstation Direct ,True,False,1613061120000,1613062380000,46,Playstation Direct Digital Edition 2021-02-11T16:32:00 to 2021-02-11T16:53:00,Playstation Direct 
47,2021-02-11 16:29:00,2021-02-11 16:52:00,Playstation Direct ,False,False,1613060940000,1613062320000,47,Playstation Direct 2021-02-11T16:29:00 to 2021-02-11T16:52:00,Playstation Direct 
48,2021-02-10 15:17:00,2021-02-10 15:39:00,Playstation Direct ,False,False,1612970220000,1612971540000,48,Playstation Direct 2021-02-10T15:17:00 to 2021-02-10T15:39:00,Playstation Direct 
49,2021-02-04 15:21:00,2021-02-04 15:22:00,Walmart ,False,True,1612452060000,1612452120000,49,Walmart Preorder 2021-02-04T15:21:00 to 2021-02-04T15:22:00,Walmart 
50,2021-02-04 15:11:00,2021-02-04 15:11:00,Walmart ,False,True,1612451460000,1612451460000,50,Walmart Preorder 2021-02-04T15:11:00 to 2021-02-04T15:11:00,Walmart 
51,2021-02-04 15:10:00,2021-02-04 15:11:00,Walmart ,True,True,1612451400000,1612451460000,51,Walmart Digital Edition Preorder 2021-02-04T15:10:00 to 2021-02-04T15:11:00,Walmart 
52,2021-02-04 15:00:00,2021-02-04 15:03:00,Walmart ,True,True,1612450800000,1612450980000,52,Walmart Digital Edition Preorder 2021-02-04T15:00:00 to 2021-02-04T15:03:00,Walmart 
53,2021-02-02 07:43:00,2021-02-02 07:46:00,Target ,False,False,1612251780000,1612251960000,53,Target 2021-02-02T07:43:00 to 2021-02-02T07:46:00,Target 
54,2021-01-27 15:31:00,2021-01-27 16:03:00,Playstation Direct ,True,False,1611761460000,1611763380000,54,Playstation Direct Digital Edition 2021-01-27T15:31:00 to 2021-01-27T16:03:00,Playstation Direct 
55,2021-01-26 16:48:00,2021-01-26 16:59:00,Playstation Direct ,False,False,1611679680000,1611680340000,55,Playstation Direct 2021-01-26T16:48:00 to 2021-01-26T16:59:00,Playstation Direct 
56,2021-01-26 16:31:00,2021-01-26 16:46:00,Playstation Direct ,False,False,1611678660000,1611679560000,56,Playstation Direct 2021-01-26T16:31:00 to 2021-01-26T16:46:00,Playstation Direct 
57,2021-01-22 16:09:00,2021-01-22 16:15:00,Best Buy ,False,False,1611331740000,1611332100000,57,Best Buy 2021-01-22T16:09:00 to 2021-01-22T16:15:00,Best Buy 
58,2021-01-22 15:51:00,2021-01-22 15:54:00,Best Buy ,False,False,1611330660000,1611330840000,58,Best Buy 2021-01-22T15:51:00 to 2021-01-22T15:54:00,Best Buy 
59,2021-01-22 15:37:00,2021-01-22 15:43:00,Best Buy ,True,False,1611329820000,1611330180000,59,Best Buy Digital Edition 2021-01-22T15:37:00 to 2021-01-22T15:43:00,Best Buy 
60,2021-01-22 15:39:00,2021-01-22 15:42:00,Best Buy ,False,False,1611329940000,1611330120000,60,Best Buy 2021-01-22T15:39:00 to 2021-01-22T15:42:00,Best Buy 
61,2021-01-22 15:33:00,2021-01-22 15:36:00,Best Buy ,False,False,1611329580000,1611329760000,61,Best Buy 2021-01-22T15:33:00 to 2021-01-22T15:36:00,Best Buy 
62,2021-01-22 14:48:00,2021-01-22 14:51:00,Best Buy ,False,False,1611326880000,1611327060000,62,Best Buy 2021-01-22T14:48:00 to 2021-01-22T14:51:00,Best Buy 
63,2021-01-21 15:21:00,2021-01-21 15:23:00,Walmart ,False,True,1611242460000,1611242580000,63,Walmart Preorder 2021-01-21T15:21:00 to 2021-01-21T15:23:00,Walmart 
64,2021-01-21 15:00:00,2021-01-21 15:03:00,Walmart ,False,True,1611241200000,1611241380000,64,Walmart Preorder 2021-01-21T15:00:00 to 2021-01-21T15:03:00,Walmart 
65,2021-01-21 12:21:00,2021-01-21 12:45:00,Best Buy ,False,False,1611231660000,1611233100000,65,Best Buy 2021-01-21T12:21:00 to 2021-01-21T12:45:00,Best Buy 
66,2021-01-21 11:42:00,2021-01-21 12:30:00,Best Buy ,True,False,1611229320000,1611232200000,66,Best Buy Digital Edition 2021-01-21T11:42:00 to 2021-01-21T12:30:00,Best Buy 
67,2021-01-21 11:48:00,2021-01-21 12:18:00,Best Buy ,False,False,1611229680000,1611231480000,67,Best Buy 2021-01-21T11:48:00 to 2021-01-21T12:18:00,Best Buy 
68,2021-01-21 11:24:00,2021-01-21 11:42:00,Best Buy ,False,False,1611228240000,1611229320000,68,Best Buy 2021-01-21T11:24:00 to 2021-01-21T11:42:00,Best Buy 
69,2021-01-21 11:24:00,2021-01-21 11:30:00,Best Buy ,True,False,1611228240000,1611228600000,69,Best Buy Digital Edition 2021-01-21T11:24:00 to 2021-01-21T11:30:00,Best Buy 
70,2021-01-21 10:05:00,2021-01-21 10:07:00,Amazon ,False,False,1611223500000,1611223620000,70,Amazon 2021-01-21T10:05:00 to 2021-01-21T10:07:00,Amazon 
71,2021-01-21 09:59:00,2021-01-21 10:02:00,Amazon ,False,False,1611223140000,1611223320000,71,Amazon 2021-01-21T09:59:00 to 2021-01-21T10:02:00,Amazon 
72,2021-01-20 08:22:00,2021-01-20 08:25:00,Target ,True,False,1611130920000,1611131100000,72,Target Digital Edition 2021-01-20T08:22:00 to 2021-01-20T08:25:00,Target 
73,2021-01-19 13:37:00,2021-01-19 13:38:00,Target ,False,False,1611063420000,1611063480000,73,Target 2021-01-19T13:37:00 to 2021-01-19T13:38:00,Target 
74,2021-01-19 13:30:00,2021-01-19 13:31:00,Target ,True,False,1611063000000,1611063060000,74,Target Digital Edition 2021-01-19T13:30:00 to 2021-01-19T13:31:00,Target 
75,2021-01-13 16:22:00,2021-01-13 16:25:00,Amazon ,False,False,1610554920000,1610555100000,75,Amazon 2021-01-13T16:22:00 to 2021-01-13T16:25:00,Amazon 
76,2021-01-08 01:06:00,2021-01-08 01:40:00,Amazon ,False,False,1610067960000,1610070000000,76,Amazon 2021-01-08T01:06:00 to 2021-01-08T01:40:00,Amazon 
77,2021-01-07 13:03:00,2021-01-07 14:02:00,Best Buy ,False,False,1610024580000,1610028120000,77,Best Buy 2021-01-07T13:03:00 to 2021-01-07T14:02:00,Best Buy 
78,2021-01-07 11:46:00,2021-01-07 11:57:00,Best Buy ,False,False,1610019960000,1610020620000,78,Best Buy 2021-01-07T11:46:00 to 2021-01-07T11:57:00,Best Buy 
79,2021-01-07 11:40:00,2021-01-07 11:43:00,Best Buy ,False,False,1610019600000,1610019780000,79,Best Buy 2021-01-07T11:40:00 to 2021-01-07T11:43:00,Best Buy 
80,2020-12-29 17:25:00,2020-12-29 17:29:00,Playstation Direct ,False,False,1609262700000,1609262940000,80,Playstation Direct 2020-12-29T17:25:00 to 2020-12-29T17:29:00,Playstation Direct 
81,2020-12-29 17:14:00,2020-12-29 17:24:00,Playstation Direct ,False,False,1609262040000,1609262640000,81,Playstation Direct 2020-12-29T17:14:00 to 2020-12-29T17:24:00,Playstation Direct 
82,2020-12-29 17:09:00,2020-12-29 17:12:00,Playstation Direct ,False,False,1609261740000,1609261920000,82,Playstation Direct 2020-12-29T17:09:00 to 2020-12-29T17:12:00,Playstation Direct 
83,2020-12-29 17:01:00,2020-12-29 17:08:00,Playstation Direct ,False,False,1609261260000,1609261680000,83,Playstation Direct 2020-12-29T17:01:00 to 2020-12-29T17:08:00,Playstation Direct 
84,2020-12-29 15:42:00,2020-12-29 15:43:00,Amazon ,False,False,1609256520000,1609256580000,84,Amazon 2020-12-29T15:42:00 to 2020-12-29T15:43:00,Amazon 
85,2020-12-29 11:56:00,2020-12-29 11:58:00,Amazon ,True,False,1609242960000,1609243080000,85,Amazon Digital Edition 2020-12-29T11:56:00 to 2020-12-29T11:58:00,Amazon 
86,2020-12-29 11:10:00,2020-12-29 11:19:00,Amazon ,False,False,1609240200000,1609240740000,86,Amazon 2020-12-29T11:10:00 to 2020-12-29T11:19:00,Amazon 
87,2020-12-29 06:27:00,2020-12-29 06:31:00,Target ,True,False,1609223220000,1609223460000,87,Target Digital Edition 2020-12-29T06:27:00 to 2020-12-29T06:31:00,Target 
88,2020-12-28 15:48:00,2020-12-28 16:16:00,Playstation Direct ,False,False,1609170480000,1609172160000,88,Playstation Direct 2020-12-28T15:48:00 to 2020-12-28T16:16:00,Playstation Direct 
89,2020-12-21 12:36:00,2020-12-21 13:18:00,Best Buy ,True,False,1608554160000,1608556680000,89,Best Buy Digital Edition 2020-12-21T12:36:00 to 2020-12-21T13:18:00,Best Buy 
90,2020-12-21 05:19:00,2020-12-21 05:25:00,Target ,True,False,1608527940000,1608528300000,90,Target Digital Edition 2020-12-21T05:19:00 to 2020-12-21T05:25:00,Target 
91,2020-12-18 15:41:00,2020-12-18 15:57:00,Playstation Direct ,False,False,1608306060000,1608307020000,91,Playstation Direct 2020-12-18T15:41:00 to 2020-12-18T15:57:00,Playstation Direct 
92,2020-12-18 15:41:00,2020-12-18 15:55:00,Playstation Direct ,True,False,1608306060000,1608306900000,92,Playstation Direct Digital Edition 2020-12-18T15:41:00 to 2020-12-18T15:55:00,Playstation Direct 
93,2020-12-18 15:37:00,2020-12-18 15:39:00,Playstation Direct ,False,False,1608305820000,1608305940000,93,Playstation Direct 2020-12-18T15:37:00 to 2020-12-18T15:39:00,Playstation Direct 
94,2020-12-18 15:34:00,2020-12-18 15:37:00,Playstation Direct ,True,False,1608305640000,1608305820000,94,Playstation Direct Digital Edition 2020-12-18T15:34:00 to 2020-12-18T15:37:00,Playstation Direct 
95,2020-12-17 18:24:00,2020-12-17 18:39:00,Playstation Direct ,False,False,1608229440000,1608230340000,95,Playstation Direct 2020-12-17T18:24:00 to 2020-12-17T18:39:00,Playstation Direct 
96,2020-12-17 18:19:00,2020-12-17 18:22:00,Playstation Direct ,False,False,1608229140000,1608229320000,96,Playstation Direct 2020-12-17T18:19:00 to 2020-12-17T18:22:00,Playstation Direct 
97,2020-12-17 15:21:00,2020-12-17 15:21:00,Walmart ,False,False,1608218460000,1608218460000,97,Walmart 2020-12-17T15:21:00 to 2020-12-17T15:21:00,Walmart 
98,2020-12-16 16:12:00,2020-12-16 16:22:00,Playstation Direct ,True,False,1608135120000,1608135720000,98,Playstation Direct Digital Edition 2020-12-16T16:12:00 to 2020-12-16T16:22:00,Playstation Direct 
99,2020-12-16 16:04:00,2020-12-16 16:10:00,Playstation Direct ,True,False,1608134640000,1608135000000,99,Playstation Direct Digital Edition 2020-12-16T16:04:00 to 2020-12-16T16:10:00,Playstation Direct 
100,2020-12-15 15:40:00,2020-12-15 15:46:00,Walmart ,False,False,1608046800000,1608047160000,100,Walmart 2020-12-15T15:40:00 to 2020-12-15T15:46:00,Walmart 
101,2020-12-15 15:31:00,2020-12-15 15:37:00,Walmart ,False,False,1608046260000,1608046620000,101,Walmart 2020-12-15T15:31:00 to 2020-12-15T15:37:00,Walmart 
102,2020-12-15 15:21:00,2020-12-15 15:25:00,Walmart ,False,False,1608045660000,1608045900000,102,Walmart 2020-12-15T15:21:00 to 2020-12-15T15:25:00,Walmart 
103,2020-12-15 15:11:00,2020-12-15 15:18:00,Walmart ,False,False,1608045060000,1608045480000,103,Walmart 2020-12-15T15:11:00 to 2020-12-15T15:18:00,Walmart 
104,2020-12-15 15:03:00,2020-12-15 15:05:00,Walmart ,False,False,1608044580000,1608044700000,104,Walmart 2020-12-15T15:03:00 to 2020-12-15T15:05:00,Walmart 
105,2020-12-11 16:53:00,2020-12-11 17:09:00,Playstation Direct ,True,False,1607705580000,1607706540000,105,Playstation Direct Digital Edition 2020-12-11T16:53:00 to 2020-12-11T17:09:00,Playstation Direct 
106,2020-12-11 16:49:00,2020-12-11 16:51:00,Playstation Direct ,True,False,1607705340000,1607705460000,106,Playstation Direct Digital Edition 2020-12-11T16:49:00 to 2020-12-11T16:51:00,Playstation Direct 
107,2020-12-10 18:13:00,2020-12-10 18:23:00,Playstation Direct ,True,False,1607623980000,1607624580000,107,Playstation Direct Digital Edition 2020-12-10T18:13:00 to 2020-12-10T18:23:00,Playstation Direct 
108,2020-12-10 18:15:00,2020-12-10 18:18:00,Playstation Direct ,False,False,1607624100000,1607624280000,108,Playstation Direct 2020-12-10T18:15:00 to 2020-12-10T18:18:00,Playstation Direct 
109,2020-12-10 18:00:00,2020-12-10 18:14:00,Playstation Direct ,False,False,1607623200000,1607624040000,109,Playstation Direct 2020-12-10T18:00:00 to 2020-12-10T18:14:00,Playstation Direct 
110,2020-12-10 18:03:00,2020-12-10 18:11:00,Playstation Direct ,True,False,1607623380000,1607623860000,110,Playstation Direct Digital Edition 2020-12-10T18:03:00 to 2020-12-10T18:11:00,Playstation Direct 
111,2020-12-09 15:36:00,2020-12-09 15:52:00,Playstation Direct ,False,False,1607528160000,1607529120000,111,Playstation Direct 2020-12-09T15:36:00 to 2020-12-09T15:52:00,Playstation Direct 
112,2020-12-09 15:30:00,2020-12-09 15:34:00,Playstation Direct ,False,False,1607527800000,1607528040000,112,Playstation Direct 2020-12-09T15:30:00 to 2020-12-09T15:34:00,Playstation Direct 
113,2020-12-09 06:15:00,2020-12-09 06:18:00,Target ,False,False,1607494500000,1607494680000,113,Target 2020-12-09T06:15:00 to 2020-12-09T06:18:00,Target 
114,2020-12-08 18:17:00,2020-12-08 18:30:00,Playstation Direct ,False,False,1607451420000,1607452200000,114,Playstation Direct 2020-12-08T18:17:00 to 2020-12-08T18:30:00,Playstation Direct 
115,2020-12-04 16:28:00,2020-12-04 16:35:00,Playstation Direct ,False,False,1607099280000,1607099700000,115,Playstation Direct 2020-12-04T16:28:00 to 2020-12-04T16:35:00,Playstation Direct 
116,2020-12-04 16:15:00,2020-12-04 16:26:00,Playstation Direct ,False,False,1607098500000,1607099160000,116,Playstation Direct 2020-12-04T16:15:00 to 2020-12-04T16:26:00,Playstation Direct 
117,2020-12-03 17:44:00,2020-12-03 17:46:00,Playstation Direct ,False,False,1607017440000,1607017560000,117,Playstation Direct 2020-12-03T17:44:00 to 2020-12-03T17:46:00,Playstation Direct 
118,2020-12-03 17:41:00,2020-12-03 17:43:00,Playstation Direct ,False,False,1607017260000,1607017380000,118,Playstation Direct 2020-12-03T17:41:00 to 2020-12-03T17:43:00,Playstation Direct 
119,2020-12-03 17:34:00,2020-12-03 17:39:00,Playstation Direct ,False,False,1607016840000,1607017140000,119,Playstation Direct 2020-12-03T17:34:00 to 2020-12-03T17:39:00,Playstation Direct 
120,2020-12-03 07:24:00,2020-12-03 07:27:00,Target ,True,False,1606980240000,1606980420000,120,Target Digital Edition 2020-12-03T07:24:00 to 2020-12-03T07:27:00,Target 
121,2020-11-30 18:30:00,2020-11-30 18:41:00,Playstation Direct ,False,False,1606761000000,1606761660000,121,Playstation Direct 2020-11-30T18:30:00 to 2020-11-30T18:41:00,Playstation Direct 
122,2020-11-30 18:17:00,2020-11-30 18:28:00,Playstation Direct ,False,False,1606760220000,1606760880000,122,Playstation Direct 2020-11-30T18:17:00 to 2020-11-30T18:28:00,Playstation Direct 
123,2020-11-25 19:50:00,2020-11-25 20:25:00,Playstation Direct ,False,False,1606333800000,1606335900000,123,Playstation Direct 2020-11-25T19:50:00 to 2020-11-25T20:25:00,Playstation Direct 
124,2020-11-25 19:54:00,2020-11-25 20:06:00,Playstation Direct ,True,False,1606334040000,1606334760000,124,Playstation Direct Digital Edition 2020-11-25T19:54:00 to 2020-11-25T20:06:00,Playstation Direct 
125,2020-11-22 06:24:00,2020-11-22 06:36:00,Best Buy ,True,False,1606026240000,1606026960000,125,Best Buy Digital Edition 2020-11-22T06:24:00 to 2020-11-22T06:36:00,Best Buy 
126,2020-11-20 11:50:00,2020-11-20 11:56:00,Target ,True,False,1605873000000,1605873360000,126,Target Digital Edition 2020-11-20T11:50:00 to 2020-11-20T11:56:00,Target 
127,2020-11-19 16:49:00,2020-11-19 16:51:00,Playstation Direct ,False,False,1605804540000,1605804660000,127,Playstation Direct 2020-11-19T16:49:00 to 2020-11-19T16:51:00,Playstation Direct 
128,2020-11-19 16:33:00,2020-11-19 16:46:00,Playstation Direct ,True,False,1605803580000,1605804360000,128,Playstation Direct Digital Edition 2020-11-19T16:33:00 to 2020-11-19T16:46:00,Playstation Direct 
129,2020-11-19 15:04:00,2020-11-19 15:12:00,Walmart ,True,False,1605798240000,1605798720000,129,Walmart Digital Edition 2020-11-19T15:04:00 to 2020-11-19T15:12:00,Walmart 
130,2020-11-19 15:03:00,2020-11-19 15:11:00,Walmart ,False,False,1605798180000,1605798660000,130,Walmart 2020-11-19T15:03:00 to 2020-11-19T15:11:00,Walmart 
131,2020-11-18 18:35:00,2020-11-18 18:46:00,Playstation Direct ,False,False,1605724500000,1605725160000,131,Playstation Direct 2020-11-18T18:35:00 to 2020-11-18T18:46:00,Playstation Direct 
132,2020-11-18 02:10:00,2020-11-18 02:19:00,Target ,False,False,1605665400000,1605665940000,132,Target 2020-11-18T02:10:00 to 2020-11-18T02:19:00,Target 
133,2020-11-17 14:34:00,2020-11-17 14:50:00,Playstation Direct ,False,False,1605623640000,1605624600000,133,Playstation Direct 2020-11-17T14:34:00 to 2020-11-17T14:50:00,Playstation Direct 
134,2020-11-16 14:49:00,2020-11-16 15:03:00,B&H Photo ,False,True,1605538140000,1605538980000,134,B&H Photo Preorder 2020-11-16T14:49:00 to 2020-11-16T15:03:00,B&H Photo 
135,2020-11-16 10:14:00,2020-11-16 10:32:00,Playstation Direct ,False,False,1605521640000,1605522720000,135,Playstation Direct 2020-11-16T10:14:00 to 2020-11-16T10:32:00,Playstation Direct 
136,2020-11-16 10:15:00,2020-11-16 10:31:00,Playstation Direct ,True,False,1605521700000,1605522660000,136,Playstation Direct Digital Edition 2020-11-16T10:15:00 to 2020-11-16T10:31:00,Playstation Direct 
137,2020-11-13 17:53:00,2020-11-13 17:57:00,Playstation Direct ,False,False,1605289980000,1605290220000,137,Playstation Direct 2020-11-13T17:53:00 to 2020-11-13T17:57:00,Playstation Direct 
138,2020-11-13 17:19:00,2020-11-13 17:21:00,Playstation Direct ,False,False,1605287940000,1605288060000,138,Playstation Direct 2020-11-13T17:19:00 to 2020-11-13T17:21:00,Playstation Direct 
139,2020-11-13 17:13:00,2020-11-13 17:15:00,Playstation Direct ,False,False,1605287580000,1605287700000,139,Playstation Direct 2020-11-13T17:13:00 to 2020-11-13T17:15:00,Playstation Direct 
140,2020-11-13 16:56:00,2020-11-13 17:01:00,Playstation Direct ,True,False,1605286560000,1605286860000,140,Playstation Direct Digital Edition 2020-11-13T16:56:00 to 2020-11-13T17:01:00,Playstation Direct 
141,2020-11-13 16:24:00,2020-11-13 16:30:00,Playstation Direct ,False,False,1605284640000,1605285000000,141,Playstation Direct 2020-11-13T16:24:00 to 2020-11-13T16:30:00,Playstation Direct 
142,2020-11-12 21:00:00,2020-11-12 21:10:00,Walmart ,False,False,1605214800000,1605215400000,142,Walmart 2020-11-12T21:00:00 to 2020-11-12T21:10:00,Walmart 
143,2020-11-12 21:00:00,2020-11-12 21:02:00,Walmart ,True,False,1605214800000,1605214920000,143,Walmart Digital Edition 2020-11-12T21:00:00 to 2020-11-12T21:02:00,Walmart 
144,2020-11-12 18:18:00,2020-11-12 18:21:00,Amazon ,True,False,1605205080000,1605205260000,144,Amazon Digital Edition 2020-11-12T18:18:00 to 2020-11-12T18:21:00,Amazon 
145,2020-11-12 18:14:00,2020-11-12 18:14:00,Amazon ,True,False,1605204840000,1605204840000,145,Amazon Digital Edition 2020-11-12T18:14:00 to 2020-11-12T18:14:00,Amazon 
146,2020-11-12 18:06:00,2020-11-12 18:12:00,Amazon ,False,False,1605204360000,1605204720000,146,Amazon 2020-11-12T18:06:00 to 2020-11-12T18:12:00,Amazon 
147,2020-11-12 18:03:00,2020-11-12 18:11:00,Walmart ,False,False,1605204180000,1605204660000,147,Walmart 2020-11-12T18:03:00 to 2020-11-12T18:11:00,Walmart 
148,2020-11-12 18:03:00,2020-11-12 18:03:00,Walmart ,False,False,1605204180000,1605204180000,148,Walmart 2020-11-12T18:03:00 to 2020-11-12T18:03:00,Walmart 
149,2020-11-12 15:05:00,2020-11-12 15:15:00,Playstation Direct ,False,False,1605193500000,1605194100000,149,Playstation Direct 2020-11-12T15:05:00 to 2020-11-12T15:15:00,Playstation Direct 
150,2020-11-12 15:06:00,2020-11-12 15:14:00,Walmart ,False,False,1605193560000,1605194040000,150,Walmart 2020-11-12T15:06:00 to 2020-11-12T15:14:00,Walmart 
151,2020-11-12 15:05:00,2020-11-12 15:11:00,Playstation Direct ,True,False,1605193500000,1605193860000,151,Playstation Direct Digital Edition 2020-11-12T15:05:00 to 2020-11-12T15:11:00,Playstation Direct 
152,2020-11-12 12:00:00,2020-11-12 12:04:00,Walmart ,True,False,1605182400000,1605182640000,152,Walmart Digital Edition 2020-11-12T12:00:00 to 2020-11-12T12:04:00,Walmart 
153,2020-11-12 04:03:00,2020-11-12 04:09:00,Target ,False,False,1605153780000,1605154140000,153,Target 2020-11-12T04:03:00 to 2020-11-12T04:09:00,Target 
154,2020-11-12 03:15:00,2020-11-12 03:21:00,Target ,False,False,1605150900000,1605151260000,154,Target 2020-11-12T03:15:00 to 2020-11-12T03:21:00,Target 
155,2020-11-12 01:44:00,2020-11-12 01:50:00,Target ,False,False,1605145440000,1605145800000,155,Target 2020-11-12T01:44:00 to 2020-11-12T01:50:00,Target 
156,2020-11-12 00:03:00,2020-11-12 00:24:00,Sam's Club ,False,False,1605139380000,1605140640000,156,Sam's Club 2020-11-12T00:03:00 to 2020-11-12T00:24:00,Sam's Club 
157,2020-11-11 22:15:00,2020-11-11 22:21:00,Sam's Club ,False,False,1605132900000,1605133260000,157,Sam's Club 2020-11-11T22:15:00 to 2020-11-11T22:21:00,Sam's Club 
